candidate_name,display_name,race,district,party,finance_type,total_raised
joseph paul guerin,Joseph Guerin,Senator,4,Republican,TF,6225.0
elizabeth caruso,Elizabeth Caruso,Representative,5,Republican,TF,1440.0
jedediah j rice,Jedediah Rice II,Representative,50,,TF,0
gregory l swallow,Gregory L. Swallow,Representative,,,TF,0
mark j blier,Mark J. Blier,Representative,,,TF,0
ann marie fredericks,Ann Marie Fredericks,Representative,,,TF,0
russell p white,Russell White,Representative,13,Republican,MCEA,1000.0
paul r zimmerman,Paul R Zimmerman,Representative,,,TF,0
william look,William Tuell,Representative,10,,TF,0
craig hickman,Craig Hickman,Senator,14,,TF,0
michael j lance,Michael Lance,Representative,79,Republican,TF,250.0
gary friedmann,Gary Friedmann,Representative,14,Democratic,MCEA,3600.0
allen anthony daggett,Allen Daggett,Representative,134,Unenrolled,TF,3626.0
laurel libby,Laurel Libby,Representative,,,TF,0
shukri idris abdirahman,Shukri Idris Abdirahman,Representative,,,TF,0
laurie osher,Laurie Osher,Representative,25,Democratic,MCEA,1370.0
katrina j smith,Katrina Smith,Representative,62,Republican,TF,500.0
reagan leeann paul,Reagan Paul,Representative,37,,TF,0
marygrace caroline cimino,Marygrace Cimino,Representative,83,,TF,0
robert granger,Robert Cameron,Representative,121,,TF,0
susan jane wiswell,Susan Jane Wiswell,Representative,,,TF,0
colby michael lapointe,Colby Michael Lapointe,Representative,,,TF,0
daniel jesse newman,Daniel Jesse Newman,Representative,,,TF,0
jeff timberlake,Jeff Timberlake,Senator,,Republican,TF,1.53
robert w nutting,ROBERT W NUTTING,Representative,,,TF,0
bernard robert porter,Bernard Porter,Senator,23,Republican,TF,295.0
nathan j wadsworth,Nathan J Wadsworth,Representative,,,TF,0
mike soboleski,Michael Soboleski,Representative,73,,TF,0
tiffany strout,Tiffany Strout,Representative,11,,MCEA,0
larry c dunphy,Larry C. Dunphy,Representative,,,TF,0
eric g samson,Eric G. Samson,Representative,,,TF,0
joel r stetkis,Joel Stetkis,Senator,3,Republican,TF,10732.51
bradlee t farrin,Bradlee T. Farrin,Senator,,,TF,0
benjamin charles hymes,Benjamin Hymes,Representative,38,,TF,0
lisa keim,Lisa Keim,Representative,,,TF,0
joseph charles perry,Joseph Charles Perry,Representative,,,TF,0
dean a cray,Dean Cray,Representative,69,,TF,0
wendy lee macdowell,Wendy Lee MacDowell,Representative,,,TF,0
anne carney,Anne Carney,Senator,29,Democratic,TF,2805.0
andre e cushing iii,"Andre E Cushing, III",Representative,,,TF,0
robert a foley,Robert A. Foley,Representative,,,TF,0
stacey k guerin,Stacey K Guerin,Senator,,,TF,0
kenneth blow,Kenneth Blow,Representative,131,,TF,0
jacqueline sartoris,Jacqueline Sartoris,Representative,,,TF,0
mallory aaren cook,Mallory Cook,Representative,149,Democratic,MCEA,1000.0
nicole c grohoski,Nicole Grohoski,Senator,7,Democratic,MCEA,1825.0
charlotte nutt,Charlotte Nutt,Representative,48,Democratic,MCEA,1000.0
joseph edward martin,Joseph Martin,Senator,19,Republican,TF,1100.0
marpheen chann,Marpheen Chann,Representative,,,TF,0
nicolas john hamlin,Nicolas Hamlin,Representative,49,,MCEA,0
scott a harriman special,Scott Harriman,Representative,94,,TF,0
scott allen seekins,Scott Allen Seekins,Representative,,,TF,0
patrick jude,Patrick Jude,Representative,20,,MCEA,0
suzanne m salisbury,Suzanne Salisbury,Representative,128,,TF,0
susan m austin,Susan M Austin,Representative,,,TF,0
nathan m carlow,Nathan Carlow,Representative,137,Republican,TF,1225.0
deqa abdi dhalac,Deqa Abdi Dhalac,Representative,,,TF,0
andrew m gattine,Andrew Gattine,Representative,126,,TF,0
nancy e hammond,Nancy E. Hammond,Representative,,,TF,0
caleb joseph chase,Caleb Chase,Representative,145,Republican,MCEA,995.0
madison cook,Madison Cook,Representative,39,Democratic,MCEA,1000.0
cameron reny,Cameron Reny,Senator,13,Democratic,MCEA,200.0
clinton collamore,Clinton Collamore,Representative,45,Unenrolled,TF,4093.18
matthew james boucher,Matthew James Boucher,Representative,,,TF,0
joseph pietroski,Joseph Pietroski,Representative,,,TF,0
robert andrews,Robert Andrews,Representative,,,TF,0
d michael ray,Michael Ray,Representative,40,Democratic,MCEA,1000.0
tanya belanger,Tanya Belanger,Representative,,,TF,0
lloyd c herrick,Lloyd C. Herrick,Representative,,,TF,0
kevin j joyce,Kevin J. Joyce,Representative,,,TF,0
andrew parker,Andrew Parker,Governor,,,TF,0
alexandros orestis,Alexandros Orestis,Representative,150,Democratic,MCEA,800.0
hannah pingree,Hannah Pingree,Governor,,Democratic,TF,1907115.63
jason g litalien,Jason G Litalien,Senator,,,TF,0
vaughn j mclaughlin,Vaughn McLaughlin,Senator,1,Democratic,MCEA,1634.0
danny e costain,Danny Costain,Senator,3,Republican,TF,3000.0
andrew r torbett,Andrew Torbett,Representative,31,Republican,TF,1350.0
paul r flynn,Paul Flynn,Representative,63,Republican,TF,5650.0
marc g malon ii,Marc Malon II,Representative,133,Democratic,TF,2970.0
michael dubois,Michael Dixon,Representative,119,,TF,0
owen mccarthy,OWEN MCCARTHY,Governor,,Republican,TF,379099.0
brendan kernan williams,Brendan Kernan Williams,Representative,,,TF,0
kristen sarah cloutier,Kristen Sarah Cloutier,Representative,,,TF,0
douglas keith damon,Douglas Keith Damon,Representative,,,TF,0
scott seekins,Scott Seekins,Representative,,,TF,0
roger e densmore iii,"Roger E. Densmore, III",Representative,,,TF,0
richard h campbell,Richard Campbell,Representative,19,,TF,0
edwin m mitchell,Edwin Mitchell Jr.,Senator,13,Unenrolled,MCEA,3000.0
randall adam greenwood,Randall Greenwood,Representative,56,,MCEA,0
kiernan i majeruscollins special,Kiernan Majerus-Collins,Representative,95,,TF,0
james brent kane,James Brent Kane,Representative,,,TF,0
brady alden clark,Brady Clark,Representative,44,Republican,TF,1570.65
dale john crafts,Dale Crafts,Representative,97,,TF,0
susan f bulay,Susan Fuller,Representative,105,,TF,0
louis samuel pfeifle,Samuel Pfeifle,Representative,104,Unenrolled,MCEA,900.0
ray alden thombs jr,Ray Thombs Jr.,Representative,44,,TF,0
benjamin chipman,Benjamin Hymes,Representative,38,,TF,0
caldwell jackson,Caldwell Jackson,Representative,,,TF,0
john g janelle,John G. Janelle,Representative,,,TF,0
daniel lapointe,DANIEL LAPOINTE,Representative,,,TF,0
arthur k mingo,Arthur Mingo,Representative,9,,TF,0
rachel talbot ross,Rachel Talbot Ross,Senator,28,,TF,0
joseph m baldacci,Joseph M. Baldacci,Senator,,,TF,0
randall c hall,Randall C. Hall,Representative,,,TF,0
beth a oconnor,Beth A O'Connor,Representative,,,TF,0
dylan pugh,Dylan Pugh,Representative,,,TF,0
karin orenstein,Karin Orenstein,Representative,103,Democratic,MCEA,1175.0
ann higgins matlack,Ann Matlack,Senator,12,Democratic,MCEA,200.0
david roland mongeau ii,David Mongeau II,Representative,141,,MCEA,0
jantzen stephen craine,Jantzen Craine,Representative,7,Republican,TF,406.15
kenneth wade fredette,Kenneth Fredette,Representative,33,Republican,TF,1000.0
katrina j smith,Katrina Smith,Representative,62,Republican,TF,500.0
randall douglas gauvin,Randall Gauvin,Representative,75,Republican,TF,11055.0
bobby j mills,Bobby J Mills,Representative,,,TF,0
sharon c frost,Sharon Frost,Representative,58,Unenrolled,TF,6910.91
jamie k newton,Jamie Newton,Representative,139,Republican,TF,1300.0
nicole lynn kalloch,Nicole Lynn Kalloch,Senator,,,TF,0
jacqueline anne sartoris,Jacqueline Anne Sartoris,Representative,,,TF,0
neil e mclean jr,"Neil E. McLean, Jr.",Representative,,,TF,0
michelle m kane,Michelle Tucker,Representative,54,,TF,0
victoria porter kornfield,Victoria Kornfield,Representative,23,Democratic,MCEA,725.0
jeff adams,Jeffrey Adams,Representative,144,,TF,0
joshua morris,Joshua Morris,Senator,,,TF,0
matthew moonen,Matthew Moonen,Representative,117,Democratic,TF,750.0
dale p lancaster,Shawn Lancaster,Representative,32,,TF,0
joseph j pietroski jr,"Joseph J. Pietroski, Jr.",Representative,,,TF,0
peter conley wood,Peter Wood,Representative,81,,TF,0
abigail w griffin,Abigail W. Griffin,Representative,,,TF,0
elizabeth a jordan,Elizabeth A. Jordan,Representative,,,TF,0
thomas arthur lavigne,Thomas Lavigne,Representative,148,,TF,0
jamie lee hopkins,Jamie Lee Hopkins,Representative,,,TF,0
margaret wheeler,Margaret Wheeler,Representative,148,,TF,0
frank joseph casella,Frank Casella,Representative,21,Republican,MCEA,1000.0
kristine a poland,Kristine Poland,Representative,46,Unenrolled,MCEA,1000.0
brian thomas,Brian Ames,Representative,23,,TF,0
donald james ardell,Donald Ardell,Representative,6,,TF,0
amanda noelle collamore,Amanda Collamore,Representative,68,,TF,0
tavis rock hasenfus,Tavis Hasenfus,Representative,57,,TF,0
kerryl lee clement,Kerryl Clement,Representative,96,Republican,MCEA,1000.0
john e ducharme iii,John Ducharme III,Representative,71,Republican,TF,5025.0
doris a poland,Doris A Poland,Representative,,,TF,0
john baldwin,John Baldwin,Representative,87,,MCEA,0
shenna bellows,Shenna Bellows,Governor,,Democratic,TF,1584663.72
clinton  brooks,Clinton  Brooks,Representative,,,MCEA,0
charles hippler iv,Charles Hippler IV,Representative,55,Republican,TF,1050.0
katie brydon,Katie Brydon,Representative,23,Democratic,MCEA,1050.0
mary shannon lindstrom,Mary Lindstrom,Representative,124,,MCEA,0
michael tipping,Michael Tipping,Senator,8,Democratic,MCEA,3050.0
diana kushnar,Diana Kushnar,Representative,109,Republican,TF,4437.6
gary gene runnells jr,"Gary Gene Runnells, Jr.",Representative,,,TF,0
michelle conners,Michelle Conners,Representative,136,,MCEA,0
amy leshure,Amy Leshure,Representative,,,TF,0
justin tahai,Justin Tahai,Representative,,,TF,0
marc anthony boisse,Marc Boisse,Representative,141,Republican,TF,1867.72
guy dow,Guy Dow,Representative,,,TF,0
christopher easton,Christopher Easton,Representative,81,,MCEA,0
brian pellerin,Brian Pellerin,Representative,,,TF,0
kevin nichols,Kevin Nichols,Representative,,,TF,0
suzanne salisbury,Suzanne Salisbury,Representative,128,,MCEA,0
jennifer mayher,Jennifer Mayher,Representative,46,,MCEA,0
taylor west,Taylor West,Representative,63,,MCEA,0
john andrews,John Andrews,Senator,18,Republican,TF,9104.48
kristen marie card,Kristen Marie Card,Representative,,,TF,0
elise s brown,Elise S Brown,Representative,,,TF,0
aaron dana,Aaron Dana,Senator,,,MCEA,0
nancy mcdowell,Nancy McDowell,Representative,29,,MCEA,0
sally cluchey,Sally Cluchey,Representative,52,,MCEA,0
james michael michaud,James Michaud,Representative,29,,TF,0
james e thorne,James Thorne,Representative,35,Republican,MCEA,100.0
harold stewart iii,Harold Stewart III,Senator,2,,MCEA,0
ryan morgan,Ryan Morgan,Representative,73,Republican,TF,600.0
rebecca stephens,Rebecca Stephens,Representative,45,Republican,TF,13415.0
michelle tucker,Michelle Tucker,Representative,54,,TF,0
michael dixon,Michael Dixon,Representative,119,Democratic,MCEA,277.0
joschka winterling,Joschka Winterling,Representative,23,Democratic,MCEA,195.0
joseph mclaughlin,Joseph McLaughlin,Representative,40,,TF,0
richard bennett,Richard Bennett,Governor,,Unenrolled,TF,617415.98
maura h pillsbury,Maura Pillsbury,Representative,102,Democratic,MCEA,1000.0
melanie tompkins,Melanie Tompkins,Representative,6,,TF,0
wendy caiazzo,Wendy Caiazzo,Representative,,,TF,0
jonathan bush,Jonathan Bush,Governor,,Republican,TF,1294195.0
john michael glowa sr,"John Michael Glowa, Sr.",Governor,,,TF,0
robert b charles,Robert B. Charles,Governor,,Republican,TF,810890.88
david john jones,David John Jones,Governor,,Republican,TF,489932.78
angus s king iii,"Angus S. King, III",Governor,,Democratic,TF,1126648.2
michael brayson,Michael Brayson,Representative,33,,MCEA,0
james f dill,James Dill,Representative,26,Democratic,MCEA,950.0
mana hared abdi,Mana Abdi,Senator,21,Democratic,MCEA,3108.0
david sinclair,David Sinclair,Representative,50,,MCEA,0
robert j wessels,Robert J. Wessels,Governor,,Republican,TF,35804.54
stephen carey,Stephen Carey,Senator,,,MCEA,0
david giles,David Giles,Representative,27,Republican,TF,820.0
kenneth a capron,Kenneth A. Capron,Governor,,,TF,0
holly rae eaton,Holly Eaton,Representative,15,,MCEA,0
nirav shah,Nirav Shah,Governor,,Democratic,TF,1016244.87
peter g violette,Peter Violette,Senator,26,Republican,MCEA,3000.0
garrett paul mason,Garrett Paul Mason,Governor,,Republican,TF,161581.33
michael sweeny flanagan,Michael Flanagan,Representative,43,Republican,MCEA,1000.0
irene gifford,Irene Gifford,Representative,28,,MCEA,0
michele meyer,Michele Meyer,Senator,35,Democratic,MCEA,6000.0
rebecca lynn flood andrews,Rebecca Flood Andrews,Representative,141,,MCEA,0
todd michael davis,Todd Davis,Representative,130,,MCEA,0
jason cherry,Jason Cherry,Representative,38,Democratic,TF,310.0
michael j nicholson,Michael Nicholson,Representative,39,Republican,TF,2600.0
mark vigliotta,Mark Vigliotta,Senator,33,Democratic,MCEA,60.0
cory raymond,Cory Raymond,Representative,41,Republican,TF,1070.0
gordon powell street,Gordon Street,Representative,28,,MCEA,0
michael hobart cunningham ii,Michael Cunningham II,Representative,13,,MCEA,0
john robert henkelman iii,John Henkelman,Representative,143,Democratic,MCEA,1000.0
suzanne r andresen,Suzanne Andresen,Representative,49,,MCEA,0
matthew a harrington,Matthew Harrington,Senator,33,Republican,TF,4040.0
james lee white,James White,Representative,30,Republican,TF,600.0
shawn leroy lancaster,Shawn Lancaster,Representative,32,Republican,TF,1350.0
scott doherty,Scott Doherty,Representative,124,,TF,0
sean mahoney,Sean Mahoney,Representative,112,Democratic,MCEA,3325.0
robert kelly,Robert Kelly,Representative,131,Democratic,MCEA,1000.0
catherine h moore,Catherine H Moore,Representative,,,TF,0
gail eaton,Gail Eaton,Representative,,,TF,0
nancy jean theriault,Nancy Theriault,Representative,29,,MCEA,0
jacob murray wakem,Jacob Wakem,Representative,119,,TF,0
trevor alex doiron,Trevor Doiron,Representative,76,Democratic,MCEA,1000.0
kristin tyra davis,Kristin Davis,Representative,145,Democratic,MCEA,1000.0
holly taylor sargent,Holly Sargent,Representative,147,Democratic,MCEA,900.0
valli d geiger,Valli Geiger,Representative,42,,MCEA,0
wayne k farrin,Wayne Farrin,Representative,47,Democratic,MCEA,1000.0
tom keefe,Thomas Keefe,Representative,59,,TF,0
gordon frohloff,Gordon Frohloff,Representative,142,,TF,0
kimberly m haggan,Kimberly Haggan,Representative,36,Republican,MCEA,1000.0
karen montell,Karen Montell,Representative,54,,MCEA,0
lisa cesare,Lisa Cesare,Representative,,,TF,0
elizabeth caruso,Elizabeth Caruso,Senator,5,Republican,MCEA,1440.0
glenn mower,Glenn Mower,Representative,,,TF,0
eryn soule,Eryn Soule,Senator,21,,MCEA,0
david g haggan,David Haggan,Senator,10,Republican,MCEA,3000.0
john reny,John Reny,Representative,59,Republican,MCEA,1250.0
harold hull,Harold Hull,Senator,2,Democratic,TF,50.0
stanley short jr,Stanley Short Jr.,Senator,3,,TF,0
billy bob faulkingham,Billy Faulkingham,Senator,6,Republican,TF,10010.0
benjamin midgley,Benjamin Midgley,Governor,,Republican,TF,295748.0
guy lebida,Guy Lebida,Representative,98,,TF,0
seven siegel,Seven Siegel,Representative,109,,MCEA,0
deane rykerson,Deane Rykerson,Senator,35,Democratic,MCEA,3186.0
andrew laverdiere,Andrew Laverdiere,Representative,21,Republican,TF,100.0
tammy schmersalburgess,Tammy Schmersal-Burgess,Representative,77,,MCEA,0
william r tuell,William Tuell,Representative,10,,MCEA,0
michael lemelin,Michael Lemelin,Representative,53,,TF,0
tavis hasenfus,Tavis Hasenfus,Representative,57,,TF,0
marc  edwards,Marc Edwards,Representative,74,,MCEA,0
matthew channing townsend,Matthew Townsend,Representative,67,Democratic,MCEA,1000.0
kelly dearborn,Kelly Dearborn,Representative,108,Republican,TF,10100.0
ernest fitts iv,Ernest Fitts IV,Representative,80,Republican,TF,1500.0
jonathan reed fallon,Jonathan Fallon,Senator,34,Republican,MCEA,3044.0
kati l mccormick,Kati McCormick,Senator,15,Republican,MCEA,1490.0
amanda heath,Amanda Heath,Senator,15,Democratic,MCEA,3030.0
shanna cox,Shanna Cox,Senator,21,Democratic,TF,12275.0
rachel talbot ross,Rachel Talbot Ross,Senator,28,,TF,0
ray thombs,Ray Thombs Jr.,Representative,44,,TF,0
scott craig,Scott Craig,Representative,,,MCEA,0
jojean keller,Jo-Jean Keller,Senator,17,Democratic,MCEA,100.0
leo christopher kenney,Leo Christopher Kenney,Senator,,Republican,MCEA,2980.0
troy dale jackson,Troy Dale Jackson,Governor,,Democratic,TF,847237.2
gino valeriani,Gino Valeriani,Representative,80,Republican,TF,830.0
glenn chip curry,Glenn Curry,Senator,11,Democratic,MCEA,3045.0
cheryl a golek,Cheryl Golek,Representative,99,Democratic,MCEA,700.0
alicia collins,Alicia Collins,Representative,61,,TF,0
jeffrey timberlake,Jeffrey Timberlake,Representative,91,Republican,TF,1200.0
sean faircloth,Sean Faircloth,Representative,24,,MCEA,0
pamela hart,Pamela Hart,Representative,90,,MCEA,0
patric moore,Patric Moore,Senator,16,Democratic,MCEA,100.0
shawn m dixon,Shawn Dixon,Representative,67,Republican,TF,856.0
shawn michael packard,Shawn Packard,Representative,64,Republican,TF,1885.0
jennifer lynn poirier,Jennifer Poirier,Representative,70,Republican,TF,400.0
dr lucien daigle,Lucien Daigle,Senator,1,,MCEA,0
stacey kay guerin,Stacey Guerin,Representative,34,Republican,TF,2250.0
gregory pierce,Gregory Pierce,Senator,4,Republican,TF,3050.0
cassie l julia,Cassie Julia,Representative,65,Democratic,MCEA,850.0
janet inger beaudoin,Janet Beaudoin,Representative,94,,TF,0
stephen wood,Stephen Wood,Representative,92,,MCEA,0
joel mahaffey,Joel Mahaffey,Representative,,,TF,0
john j contreni jr,John Contreni Jr.,Representative,30,,TF,0
zachary lejonhud,Zachary Lejonhud,Representative,,,MCEA,0
woodleigh h hughes,Woodleigh Hughes,Representative,78,Democratic,MCEA,1100.0
matthea elisabeth larsen daughtry,Matthea Elisabeth Larsen Daughtry,Senator,,Democratic,TF,1190.0
james sorcek,James Sorcek,Representative,90,Republican,MCEA,305.0
peter wood,Peter Wood,Representative,81,,TF,0
paul welch,Paul Welch,Representative,85,,MCEA,0
david wayne boyer jr,David Boyer Jr.,Representative,87,Republican,TF,6183.7
joseph almand,Joseph Almand,Representative,70,,MCEA,0
thomas watson,Thomas Watson,Representative,97,,MCEA,0
julia mccabe,Julia McCabe,Representative,93,,MCEA,0
thomas hart,Thomas Hart Jr.,Representative,12,,TF,0
mark walker,Mark Walker,Representative,84,,TF,0
elizabeth d bosworth,Elizabeth Bosworth,Senator,18,Democratic,MCEA,2965.0
reagan paul,Reagan Paul,Representative,37,,TF,0
scott strom,Scott Strom,Representative,65,,TF,0
kevin oconnell,Kevin O'Connell,Senator,10,Democratic,TF,551.0
quentin chapman,Quentin Chapman,Representative,88,Republican,TF,800.0
wayne parry,Wayne Parry,Representative,140,Republican,TF,520.0
joseph campbell,Joseph Campbell,Representative,107,,MCEA,0
eric nathanson,Eric Nathanson,Representative,124,,MCEA,0
teresa s pierce,Teresa Pierce,Senator,25,Democratic,TF,3300.0
sophia warren,Sophia Warren,Senator,30,Democratic,MCEA,3435.0
lisa pratt,Lisa Pratt,Representative,135,Democratic,MCEA,947.0
mark c cooper,Mark Cooper,Representative,107,Republican,MCEA,690.0
parnell terry,Parnell Terry,Representative,108,,MCEA,0
julie nicole rakic,Julie Rakic,Senator,35,Republican,MCEA,995.0
morgan rielly,Morgan Rielly,Representative,127,,TF,0
ryan fecteau,Ryan Fecteau,Representative,132,,TF,0
jonathan l kinney,Jonathan Kinney,Representative,138,Republican,TF,1000.0
lynn copeland,Lynn Copeland,Representative,130,,MCEA,0
lisa kalp,Lisa Kalp,Senator,4,,MCEA,0
douglas a thomas,Douglas Thomas,Representative,72,Republican,MCEA,1000.0
roger albert,Roger Albert,Representative,2,,TF,0
jason lewis copp,Jason Copp,Representative,110,,TF,0
eric h small,Eric Small,Representative,143,Republican,TF,2000.0
paul aranson,Paul Aranson,Representative,,,TF,0
margot joly,Margot Joly,Representative,,,TF,0
carol emery,Carol Emery,Representative,,,TF,0
beth seaney,Beth Seaney,Representative,,,TF,0
daniel whitney,Daniel Whitney,Representative,,,TF,0
devan arnold,Devan Arnold,Representative,27,Democratic,MCEA,10.0
debora farnham,Debora Farnham,Representative,35,,MCEA,0
maureen aucoin,Maureen AuCoin,Representative,55,Democratic,MCEA,1100.0
rebecca dolloff,REBECCA DOLLOFF,Representative,,,TF,0
daniel joseph ankeles,Daniel Ankeles,Representative,100,Democratic,MCEA,1000.0
donna bailey,Donna Bailey,Senator,31,Democratic,MCEA,1100.0
alicia barnes,Alicia Barnes,Representative,,,MCEA,0
janet jamison,Janet Jamison,Representative,,,TF,0
brian ames,Brian Ames,Representative,23,Republican,MCEA,1000.0
barbara anne bagshaw,Barbara Bagshaw,Representative,106,Republican,MCEA,1000.0
genevieve lemire,Genevieve Lemire,Representative,10,Democratic,MCEA,175.0
amanda collamore,Amanda Collamore,Representative,68,,TF,0
walter runte jr,Walter Runte Jr.,Representative,146,,MCEA,0
oliver mcavoy,Oliver McAvoy,Representative,138,Democratic,MCEA,25.0
michelle n boyer,Michelle Boyer,Representative,123,,MCEA,0
kirstan watson,Kirstan Watson,Representative,140,,MCEA,0
bruce bickford,Bruce Bickford,Senator,20,Republican,MCEA,3000.0
thomas lavigne,Thomas Lavigne,Representative,148,,TF,0
william r bridgeo,William Bridgeo,Representative,60,Democratic,MCEA,1000.0
rhiannon hampson,Rhiannon Hampson,Representative,43,Democratic,TF,1640.0
dean cray,Dean Cray,Representative,69,,TF,0
earl martin jr,"Earl Martin, Jr.",Representative,,,TF,0
mark frederick zimmer,Mark Frederick Zimmer,Representative,,Republican,MCEA,920.0
chad richard perkins,Chad Perkins,Senator,4,Republican,TF,4559.3
pamela jo swift,Pamela Swift,Representative,62,Democratic,MCEA,819.0
peter j southam,Peter Southam,Senator,19,Democratic,MCEA,2835.0
steven butterfield,Steven Butterfield,Representative,55,Democratic,MCEA,960.0
michael l crabtree,Michael Lance,Representative,79,,TF,0
erik hobson,Erik Hobson,Representative,48,,MCEA,0
michael dougherty,Michael Dougherty,Representative,120,,TF,0
roland daniel martin,Roland Martin,Representative,2,Democratic,MCEA,600.0
w edward crockett,W. Edward Crockett,Governor,,,TF,0
glenn chateauvert,Glenn Chateauvert,Representative,,,TF,0
kenneth cianchette,Kenneth Cianchette,Senator,26,,TF,0
ethan mongue,Ethan Mongue,Representative,126,Republican,TF,3250.0
kayla miller,Kayla Miller,Representative,38,,MCEA,0
nina a milliken,Nina Milliken,Representative,16,Democratic,MCEA,1000.0
kristi mathieson,Kristi Mathieson,Representative,151,,MCEA,0
r melissa winslow,R. Melissa Winslow,Representative,,Republican,TF,8631.76
timothy holland,Timothy Towne,Representative,149,,TF,0
steven juskewitch,Steven Juskewitch,Representative,,,TF,0
lynn c moore,Lynn C Moore,Representative,,,TF,0
susan pratt,Lisa Pratt,Representative,135,,TF,0
pamela prodan,Pamela Prodan,Representative,,,TF,0
dakota dupuis,Dakota Dupuis,Representative,,,TF,0
amy m ouellette,Amy M. Ouellette,Representative,,,TF,0
barbara ann cray,Barbara Ann Cray,Representative,,,TF,0
matthew rush,Matthew Rush,Representative,7,Democratic,MCEA,1820.0
stacy l grant,Stacy L. Grant,Representative,,,TF,0
todd brackett,Todd Brackett,Representative,,,TF,0
h scott landry,Scott Landry,Representative,75,,TF,0
adam r lee,Adam Lee,Representative,89,Democratic,TF,13036.25
timothy e nangle,Timothy Nangle,Senator,26,Democratic,MCEA,2845.0
phillip wiseman,Phillip Wiseman,Representative,,,TF,0
david h mccrea,David McCrea,Representative,3,Democratic,MCEA,950.0
john e ducharme iii,John Ducharme III,Representative,71,Republican,TF,5025.0
ryan christopher otis,Ryan Christopher Otis,Senator,,Republican,MCEA,3000.0
dana staples,Dana Staples,Representative,88,Democratic,MCEA,1150.0
marcus mrowka,Marcus Mrowka,Representative,41,Democratic,MCEA,100.0
christopher robert wainwright,Christopher Robert Wainwright,Representative,,,TF,0
christopher j davis,Christopher Austin,Representative,43,,TF,0
rachel a henderson,Rachel Henderson,Representative,78,Republican,TF,600.0
patrick william polky,Patrick William Polky,Representative,,,TF,0
ronald russell,Ronald Russell,Representative,17,,TF,0
donald ardell,Donald Ardell,Representative,6,,TF,0
laura danielle supica,Laura Supica,Representative,22,,TF,0
april fournier,April Fournier,Representative,114,Democratic,TF,250.0
jason shedlock,Jason Shedlock,Representative,120,Democratic,TF,33417.0
robert finch sullebarger,Robert Sullebarger,Senator,5,Democratic,MCEA,2898.99
christina mitchell,Christina Mitchell,Representative,110,,MCEA,0
steven matthew bishop,Steven Bishop,Representative,17,Republican,TF,10570.0
rachel mary phipps,Rachel Phipps,Representative,135,Democratic,MCEA,1000.0
stephen august,Stephen August,Representative,,,TF,0
nicole richards,Nicole Richards,Representative,9,,MCEA,0
chelsea lynds,Chelsea Lynds,Representative,,,TF,0
susan bernard,Susan Bernard,Representative,3,,TF,0
kathryn slattery,Kathryn Slattery,Representative,,,TF,0
benjamin hymes,Benjamin Hymes,Representative,38,,TF,0
edward l paradis,Edward Paradis,Representative,26,,TF,0
katrina couch raysaulis,Katrina Couch Ray-Saulis,Representative,59,,MCEA,0
maeghan maloney,Sean Mahoney,Representative,112,,TF,0
joanne mason,Joanne Mason,Representative,,,TF,0
meagan smith,Meagan Smith,Representative,121,,MCEA,0
susan fuller,Susan Fuller,Representative,105,,TF,0
matthew d beck,Matthew Beck,Representative,122,Democratic,TF,100.0
marshall archer,Marshall Archer,Representative,129,Democratic,TF,160.0
johanna d turner,Johanna D Turner,Representative,,,TF,0
melissa l richardson,Melissa L Richardson,Representative,,,TF,0
susan a black,Susan A. Black,Representative,,,TF,0
julie a curtis,JULIE A CURTIS,Representative,,,TF,0
rebecca sue wotton,Rebecca Sue Wotton,Representative,,,TF,0
kevin lamoreau,Kevin Lamoreau,Representative,,,TF,0
robert cameron,Robert Cameron,Representative,121,Democratic,MCEA,500.0
russell john black,Russell Black,Representative,74,Republican,MCEA,1000.0
annie christy,Annie Christy,Representative,123,Republican,TF,1800.0
savannah sessions,Savannah Sessions,Representative,,,TF,0
garrett plummer,Garrett Plummer,Senator,31,,TF,0
arthur k mingo,Arthur Mingo,Representative,9,,TF,0
troy morton,Troy Morton,Representative,,,TF,0
william t dobbins,William T. Dobbins,Representative,,,TF,0
jason seth cherry,Jason Seth Cherry,Governor,,,TF,0
chad syphers,Chad Syphers,Representative,93,,TF,0
timothy becker,Timothy Becker,Representative,83,,MCEA,0
clifford noyes,Clifford Noyes,Representative,,,MCEA,0
douglas colburn carlisle jr,Douglas Carlisle Jr.,Representative,5,,MCEA,0
matthew foster,Matthew Townsend,Representative,67,,TF,0
anne carney,Anne Carney,Senator,29,Democratic,TF,2805.0
vincent maietta,Vincent Maietta,Senator,29,Republican,TF,1000.0
tammy gay,Tammy Gay,Representative,,,TF,0
robin uptonsukeforth,Robin Upton-Sukeforth,Representative,56,Democratic,MCEA,660.0
albert joy,Albert Joy,Representative,,,TF,0
cherri l crockett,Cherri L Crockett,Representative,,,TF,0
gail j clark,Gail J Clark,Representative,,,TF,0
corey leigh bagley,Corey Leigh Bagley,Representative,,,TF,0
frank mawson blauvelt jr,"Frank Mawson Blauvelt, Jr.",Representative,,,TF,0
todd lyford,Todd Lyford,Representative,,,TF,0
william king jr,"William King, Jr.",Representative,,,TF,0
valerie adams,Valerie Adams,Representative,,,TF,0
neil mclean jr,"Neil McLean, Jr.",Representative,,,TF,0
natasha c irving,Natasha C Irving,Representative,,,TF,0
roland poirier,Roland Poirier,Representative,,,TF,0
jason trundy,Jason Trundy,Representative,,,TF,0
kari wellspuckett,Kari Wells-Puckett,Representative,,,TF,0
patricia smith,Katrina Smith,Representative,62,,TF,0
eric white,Eric White,Representative,16,,TF,0
gary mcgrane,Gary McGrane,Representative,,,TF,0
adrienne paul,Adrienne Paul,Representative,85,Republican,MCEA,1000.0
daniel daley,Daniel Daley,Representative,10,Republican,TF,200.0
earl ireland,Earl Ireland,Representative,,,TF,0
jeffrey gilbert,Jeffrey Timberlake,Representative,91,,TF,0
walter voskian,Walter Voskian,Representative,,,TF,0
paul titcomb davis sr,"Paul Titcomb Davis, Sr.",Representative,,,TF,0
roch  angers,Roch  Angers,Representative,,,TF,0
doris ortiz,Doris Ortiz,Representative,,,TF,0
noel madore,Noel Madore,Representative,,,TF,0
anthony m weaver,Anthony Weaver,Representative,25,,MCEA,0
annalyse sarvinas,Annalyse Sarvinas,Representative,51,,MCEA,0
breanna pinkham bebb,Breanna Pinkham Bebb,Representative,,,TF,0
justin chenette,Justin Chenette,Representative,,,TF,0
robert carlton,Robert Cameron,Representative,121,,TF,0
nathan m carlow,Nathan Carlow,Representative,137,Republican,TF,1225.0
austin theriault,Austin Theriault,Representative,1,Republican,TF,16974.0
mathew david mcintyre,Mathew McIntyre,Representative,18,Republican,TF,3000.0
ambureen rana,Ambureen Rana,Representative,21,,MCEA,0
luke dylan jensen,Luke Jensen,Representative,96,,MCEA,0
sheila lyman,Sheila Lyman,Representative,76,,MCEA,0
edward glaser,Edward Glaser,Representative,,,TF,0
gordon bell,Gordon Bell,Representative,,,TF,0
arlie hetrick jr,Arlie Hetrick Jr.,Representative,77,,MCEA,0
charles edward tilburg,Charles Tilburg,Representative,137,Democratic,MCEA,1000.0
amy d kuhn,Amy Kuhn,Representative,111,Democratic,MCEA,950.0
amy j roeder,Amy Roeder,Senator,9,Democratic,MCEA,3100.0
caleb joshua ness,Caleb Ness,Representative,82,Republican,MCEA,1000.0
cheryl hewes,Cheryl Hewes,Senator,7,Republican,MCEA,3000.0
anne graham,Anne Graham,Representative,105,,MCEA,0
ayn hanselmann,Ayn Hanselmann,Representative,142,,MCEA,0
bradley moulton,Bradley Moulton,Representative,146,,MCEA,0
christopher alfred lewey,Christopher Lewey,Representative,82,Democratic,MCEA,1000.0
poppy t arford,Poppy Arford,Representative,101,Democratic,MCEA,408.32
cynthia somahernandez,Cynthia Soma-Hernandez,Representative,72,Democratic,MCEA,100.0
joshua d gerritsen,Joshua Gerritsen,Representative,41,Democratic,MCEA,1000.0
clinton phinney jr,Clinton Phinney Jr.,Representative,141,,MCEA,0
kimberly j pomerleau,Kimberly Pomerleau,Senator,22,Republican,MCEA,2680.0
tracy quint,Tracy Quint,Representative,8,,TF,0
dexter buzz bridges,Dexter Bridges Jr.,Representative,58,,MCEA,0
grayson lookner,Grayson Lookner,Representative,113,,MCEA,0
kelly maureen noonan murphy,Kelly Maureen Noonan Murphy,Representative,,,TF,0
samuel lewis zager,Samuel Zager,Representative,116,Democratic,MCEA,1000.0
john eder,John Eder,Representative,136,,TF,0
daniel sayre,Daniel Sayre,Senator,34,Democratic,MCEA,3055.0
azalea cormier,Azalea Cormier,Representative,,,MCEA,0
jill c duson,Jill Duson,Senator,27,Democratic,MCEA,1840.0
michael d perkins,Michael Perkins,Representative,66,,MCEA,0
flavia debrito,Flavia DeBrito,Representative,64,,MCEA,0
trent vellella,Trent Vellella,Representative,49,,MCEA,0
timothy nickels,Timothy Nickels,Representative,85,Republican,TF,1025.0
kenneth davis,Kenneth Davis Jr.,Senator,6,,MCEA,0
david wayne guilmette,David Guilmette,Representative,52,Republican,MCEA,920.0
cassandra anne dove,Cassandra Dove,Representative,84,Democratic,TF,200.0
scott a harriman,Scott Harriman,Representative,94,Democratic,MCEA,33315.76
ravi jackson,Ravi Jackson,Representative,101,,TF,0
harry white,Harry White,Senator,30,,TF,0
nancy theriault  special,Nancy Theriault,Representative,29,,TF,0
nancy mcdowellspecial,Nancy McDowell,Representative,29,,MCEA,0
dale lancaster,Shawn Lancaster,Representative,32,,TF,0
john alsop,John Alsop,Representative,,,TF,0
allison perkins,Allison Perkins,Representative,71,,TF,0
abigail geer,Abigail Geer,Representative,86,,MCEA,0
suzanne johnson,Suzanne Johnson,Representative,151,,TF,0
emily dingman,Emily Dingman,Representative,91,,TF,0
eric boothroyd,Eric Boothroyd,Representative,31,Democratic,TF,465.0
andrew zarro,Andrew Zarro,Representative,115,Democratic,TF,600.0
laura supica,Laura Supica,Representative,22,,TF,0
colleen oneal,Colleen O'Neal,Representative,22,,TF,0
jessica blanchard,Jessica Blanchard,Representative,69,,MCEA,0
denise tepler,Denise Tepler,Senator,24,Democratic,MCEA,4025.0
edward mathias kamin iii,Edward Mathias Kamin III,Representative,,,MCEA,0
john hansen,John Hansen,Representative,,,TF,0
richard g mason,Richard Mason,Senator,17,,TF,0
yusuf yusuf,Yusuf Yusuf,Representative,118,,TF,0
robin crawley,Robin Crawley,Representative,61,Democratic,TF,157.0
nathan burnett,Nathan Burnett,Senator,22,Democratic,MCEA,1789.2
jeff harris,Jeffrey Harris,Representative,58,,TF,0
monica cease,Monica Cease,Representative,,,TF,0
david corbett,David McCrea,Representative,3,,TF,0
eleanor sato,Eleanor Sato,Senator,30,Democratic,MCEA,3000.0
henry l ingwersen,Henry Ingwersen,Senator,32,Democratic,MCEA,2950.0
wyatt beaulieu,Wyatt Beaulieu,Representative,60,,MCEA,0
marygrace cimino,Marygrace Cimino,Representative,83,,TF,0
courtney hammond,Cory Raymond,Representative,41,,TF,0
steven mcgee,Steven McGee,Senator,14,,TF,0
bruce archer,Bruce Archer,Representative,5,,MCEA,0
james mcclymer,James McClymer,Representative,34,,TF,0
daniel simonds,Daniel Simonds,Representative,73,,MCEA,0
david potvin,David Potvin,Representative,57,,TF,0
brianna lueck,Brianna Lueck,Representative,79,,MCEA,0
timothy towne,Timothy Towne,Representative,149,,TF,0
gary mcgrane,Gary McGrane,Representative,,,TF,0
peter q jenks,Peter Jenks,Representative,43,Democratic,MCEA,1000.0
bradley youngs,Bradley Youngs,Representative,106,Democratic,MCEA,990.0
coreene baumann,Coreene Baumann,Representative,,,TF,0
sigrid ann olson,Sigrid Ann Olson,Representative,,,TF,0
dani ohalloran,Dani O'Halloran,Representative,20,Democratic,MCEA,1000.0
alan lee orcutt,Alan Orcutt,Representative,37,Democratic,MCEA,1000.0
keith newman,Keith Newman,Representative,11,,MCEA,0
traci gere,Traci Gere,Representative,134,,MCEA,0
mark walker,Mark Walker,Representative,84,,MCEA,0
rafael macias,Rafael Macias,Representative,51,,MCEA,0
richard marc goldman,Richard Goldman,Representative,53,Democratic,MCEA,1000.0
scott w cyrway,Scott Cyrway,Senator,16,Republican,MCEA,3000.0
timothy conrad guerrette,Timothy Guerrette,Representative,4,,MCEA,0
david ulrich,David Ulrich,Representative,19,,MCEA,0
kilton mccarthy webb,Kilton Webb,Representative,98,Democratic,MCEA,1000.0
derek allen levasseur,Derek Allen Levasseur,Governor,,Unenrolled,TF,1190.0
kiernan innes majeruscollins,Kiernan Majerus-Collins,Representative,95,Democratic,TF,8521.02
michael r scott,Michael Scott,Senator,20,Democratic,MCEA,3000.0
corinna cole,Corinna Cole,Representative,144,,MCEA,0
dennis mahar,Dennis Mahar,Representative,,,TF,0
brett barrett,Brett Barrett,Representative,100,,TF,0
clifton foster,Clifton Foster III,Representative,36,,MCEA,0
matthew kershaw,Matthew Kershaw,Representative,95,,MCEA,0
rolf arthur olsen jr,Rolf Olsen Jr.,Representative,86,,TF,0
melissa byer,Melissa Byer,Representative,42,Republican,TF,555.0
chris p austin,Christopher Austin,Representative,43,Republican,TF,4081.8
james berube,James Berube,Representative,89,,TF,0
andrew gattine,Andrew Gattine,Representative,126,,TF,0
dana marie appleby,Dana Appleby,Representative,1,,TF,0
william j st michel,William St. Michel,Representative,98,Republican,MCEA,1000.0
chester b grover iii,Chester Grover III,Representative,47,,MCEA,0
darlene perry,Darlene Perry,Representative,,,TF,0
alphonzo wagner iii,Alphonzo Wagner III,Representative,,,TF,0
henry lawrence,Henry Lawrence III,Representative,102,,TF,0
zachary anders wood,Zachary Wood,Senator,4,Republican,MCEA,1657.0
shawn saindon,Shawn Saindon,Representative,44,,MCEA,0
jean donovan,Jean Donovan,Representative,14,Republican,TF,146.0
braeden webber,Braeden Webber,Representative,99,,MCEA,0
scott girardin,Scott Harriman,Representative,94,,TF,0
dean lepage,Dean LePage,Representative,139,,MCEA,0
