"filer_name","race","district","party"
"Shenna Bellows","Governor",NA,"Democratic"
"Jonathan Bush","Governor",NA,"Republican"
"Robert Charles","Governor",NA,"Republican"
"Troy Jackson","Governor",NA,"Democratic"
"David Jones","Governor",NA,"Republican"
"Angus King, III","Governor",NA,"Democratic"
"James Libby","Governor",NA,"Republican"
"Garrett Mason","Governor",NA,"Republican"
"Owen McCarthy","Governor",NA,"Republican"
"Benjamin Midgley","Governor",NA,"Republican"
"Hannah Pingree","Governor",NA,"Democratic"
"Nirav Shah","Governor",NA,"Democratic"
"Robert Wessels","Governor",NA,"Republican"
"Lucien Daigle","Senator","1","Republican"
"Vaughn Mclaughlin","Senator","1","Democratic"
"Harold Hull","Senator","2","Democratic"
"Harold Stewart, III","Senator","2","Republican"
"Danny Costain","Senator","3","Republican"
"Stanley Short, Jr.","Senator","3","Democratic"
"Joel Stetkis","Senator","3","Republican"
"Joseph Guerin","Senator","4","Republican"
"Lisa Kalp","Senator","4","Democratic"
"Chad Perkins","Senator","4","Republican"
"Gregory Pierce","Senator","4","Republican"
"Zachary Wood","Senator","4","Republican"
"Elizabeth Caruso","Senator","5","Republican"
"Robert Sullebarger","Senator","5","Democratic"
"Kenneth Davis, Jr.","Senator","6","Republican"
"Billy Faulkingham","Senator","6","Republican"
"Nicole Grohoski","Senator","7","Democratic"
"Cheryl Hewes","Senator","7","Republican"
"Leo Kenney","Senator","8","Republican"
"Michael Tipping","Senator","8","Democratic"
"Amy Roeder","Senator","9","Democratic"
"David Haggan","Senator","10","Republican"
"Kevin O'Connell","Senator","10","Democratic"
"Glenn Curry","Senator","11","Democratic"
"Ryan Otis","Senator","11","Republican"
"Ann Matlack","Senator","12","Democratic"
"Cameron Reny","Senator","13","Democratic"
"Craig Hickman","Senator","14","Democratic"
"Steven McGee","Senator","14","Republican"
"Amanda Heath","Senator","15","Democratic"
"Kati McCormick","Senator","15","Republican"
"Scott Cyrway","Senator","16","Republican"
"Patric Moore","Senator","16","Democratic"
"Jo-Jean Keller","Senator","17","Democratic"
"Richard Mason","Senator","17","Republican"
"Joshua Morris","Senator","17","Republican"
"John Andrews","Senator","18","Republican"
"Elizabeth Bosworth","Senator","18","Democratic"
"Joseph Martin","Senator","19","Republican"
"Peter Southam","Senator","19","Democratic"
"Bruce Bickford","Senator","20","Republican"
"Michael Scott","Senator","20","Democratic"
"Mana Abdi","Senator","21","Democratic"
"Shanna Cox","Senator","21","Democratic"
"Nathan Burnett","Senator","22","Democratic"
"Kimberly Pomerleau","Senator","22","Republican"
"Matthea Daughtry","Senator","23","Democratic"
"Bernard Porter","Senator","23","Republican"
"Denise Tepler","Senator","24","Democratic"
"Teresa Pierce","Senator","25","Democratic"
"Kenneth Cianchette","Senator","26","Republican"
"Timothy Nangle","Senator","26","Democratic"
"Peter Violette","Senator","26","Republican"
"Jill Duson","Senator","27","Democratic"
"Rachel Ross","Senator","28","Democratic"
"Anne Carney","Senator","29","Democratic"
"Vincent Maietta","Senator","29","Republican"
"Eleanor Sato","Senator","30","Democratic"
"Sophia Warren","Senator","30","Democratic"
"Harry White","Senator","30","Republican"
"Donna Bailey","Senator","31","Democratic"
"Garrett Plummer","Senator","31","Republican"
"Henry Ingwersen","Senator","32","Democratic"
"Matthew Harrington","Senator","33","Republican"
"Mark Vigliotta","Senator","33","Democratic"
"Jonathan Fallon","Senator","34","Republican"
"Daniel Sayre","Senator","34","Democratic"
"Michele Meyer","Senator","35","Democratic"
"Julie Rakic","Senator","35","Republican"
"Deane Rykerson","Senator","35","Democratic"
"Dana Appleby","Representative","1","Democratic"
"Austin Theriault","Representative","1","Republican"
"Roger Albert","Representative","2","Republican"
"Roland Martin","Representative","2","Democratic"
"Susan Bernard","Representative","3","Republican"
"Jack McCarthy","Representative","3","Republican"
"David McCrea","Representative","3","Democratic"
"Timothy Guerrette","Representative","4","Republican"
"Bruce Archer","Representative","5","Democratic"
"Douglas Carlisle, Jr.","Representative","5","Republican"
"Donald Ardell","Representative","6","Republican"
"Melanie Tompkins","Representative","6","Democratic"
"Jantzen Craine","Representative","7","Republican"
"Matthew Rush","Representative","7","Democratic"
"Tracy Quint","Representative","8","Republican"
"Arthur Mingo","Representative","9","Republican"
"Nicole Richards","Representative","9","Democratic"
"Daniel Daley","Representative","10","Republican"
"Genevieve Lemire","Representative","10","Democratic"
"William Tuell","Representative","10","Republican"
"Keith Newman","Representative","11","Democratic"
"Tiffany Strout","Representative","11","Republican"
"Thomas Hart, Jr.","Representative","12","Republican"
"Michael Cunningham, II","Representative","13","Democratic"
"Russell White","Representative","13","Republican"
"Jean Donovan","Representative","14","Republican"
"Gary Friedmann","Representative","14","Democratic"
"Holly Eaton","Representative","15","Democratic"
"Nina Milliken","Representative","16","Democratic"
"Eric White","Representative","16","Republican"
"Steven Bishop","Representative","17","Republican"
"Ronald Russell","Representative","17","Democratic"
"Jonathan Goble","Representative","18","Democratic"
"Mathew McIntyre","Representative","18","Republican"
"Richard Campbell","Representative","19","Republican"
"David Ulrich","Representative","19","Democratic"
"Patrick Jude","Representative","20","Republican"
"Dani O'Halloran","Representative","20","Democratic"
"Frank Casella","Representative","21","Republican"
"Andrew Laverdiere","Representative","21","Republican"
"Ambureen Rana","Representative","21","Democratic"
"Colleen O'Neal","Representative","22","Republican"
"Laura Supica","Representative","22","Democratic"
"Brian Ames","Representative","23","Republican"
"Katie Brydon","Representative","23","Democratic"
"Victoria Kornfield","Representative","23","Democratic"
"Joschka Winterling","Representative","23","Democratic"
"Sean Faircloth","Representative","24","Democratic"
"Laurie Osher","Representative","25","Democratic"
"Anthony Weaver","Representative","25","Republican"
"James Dill","Representative","26","Democratic"
"Edward Paradis","Representative","26","Republican"
"Devan Arnold","Representative","27","Democratic"
"David Giles","Representative","27","Republican"
"Irene Gifford","Representative","28","Republican"
"Gordon Street","Representative","28","Democratic"
"Nancy McDowell","Representative","29","Democratic"
"James Michaud","Representative","29","Republican"
"Nancy Theriault","Representative","29","Republican"
"John Contreni, Jr.","Representative","30","Democratic"
"James White","Representative","30","Republican"
"Eric Boothroyd","Representative","31","Democratic"
"Andrew Torbett","Representative","31","Republican"
"Shawn Lancaster","Representative","32","Republican"
"Michael Brayson","Representative","33","Democratic"
"Kenneth Fredette","Representative","33","Republican"
"Stacey Guerin","Representative","34","Republican"
"James McClymer","Representative","34","Democratic"
"Debora Farnham","Representative","35","Democratic"
"James Thorne","Representative","35","Republican"
"Clifton Foster, III","Representative","36","Democratic"
"Kimberly Haggan","Representative","36","Republican"
"Alan Orcutt","Representative","37","Democratic"
"Reagan Paul","Representative","37","Republican"
"Jason Cherry","Representative","38","Democratic"
"Benjamin Hymes","Representative","38","Republican"
"Kayla Miller","Representative","38","Democratic"
"Madison Cook","Representative","39","Democratic"
"Michael Nicholson","Representative","39","Republican"
"Joseph McLaughlin","Representative","40","Republican"
"D. Ray","Representative","40","Democratic"
"Joshua Gerritsen","Representative","41","Democratic"
"Marcus Mrowka","Representative","41","Democratic"
"Cory Raymond","Representative","41","Republican"
"Melissa Byer","Representative","42","Republican"
"Valli Geiger","Representative","42","Democratic"
"Christopher Austin","Representative","43","Republican"
"Michael Flanagan","Representative","43","Republican"
"Rhiannon Hampson","Representative","43","Democratic"
"Peter Jenks","Representative","43","Democratic"
"Brady Clark","Representative","44","Republican"
"Ray Thombs, Jr.","Representative","44","Republican"
"Rebecca Stephens","Representative","45","Republican"
"Jennifer Mayher","Representative","46","Democratic"
"Wayne Farrin","Representative","47","Democratic"
"Chester Grover, III","Representative","47","Republican"
"Erik Hobson","Representative","48","Republican"
"Charlotte Nutt","Representative","48","Democratic"
"Suzanne Andresen","Representative","49","Republican"
"Nicolas Hamlin","Representative","49","Republican"
"Trent Vellella","Representative","49","Democratic"
"Jedediah Rice, II","Representative","50","Republican"
"David Sinclair","Representative","50","Democratic"
"Louis Larios","Representative","51","Republican"
"Rafael Macias","Representative","51","Democratic"
"Annalyse Sarvinas","Representative","51","Republican"
"Sally Cluchey","Representative","52","Democratic"
"David Guilmette","Representative","52","Republican"
"Richard Goldman","Representative","53","Democratic"
"Michael Lemelin","Representative","53","Republican"
"Karen Montell","Representative","54","Democratic"
"Michelle Tucker","Representative","54","Republican"
"Maureen AuCoin","Representative","55","Democratic"
"Steven Butterfield","Representative","55","Democratic"
"Charles Hippler, IV","Representative","55","Republican"
"Randall Greenwood","Representative","56","Republican"
"Robin Upton-Sukeforth","Representative","56","Democratic"
"Tavis Hasenfus","Representative","57","Democratic"
"David Potvin","Representative","57","Republican"
"Lawrence Bessey","Representative","58","Republican"
"Dexter Bridges, Jr.","Representative","58","Republican"
"Jeffrey Harris","Representative","58","Republican"
"Katrina Couch Ray-Saulis","Representative","59","Democratic"
"Thomas Keefe","Representative","59","Democratic"
"John Reny","Representative","59","Republican"
"Wyatt Beaulieu","Representative","60","Republican"
"William Bridgeo","Representative","60","Democratic"
"Alicia Collins","Representative","61","Republican"
"Robin Crawley","Representative","61","Democratic"
"Katrina Smith","Representative","62","Republican"
"Pamela Swift","Representative","62","Democratic"
"Paul Flynn","Representative","63","Republican"
"Taylor West","Representative","63","Democratic"
"Flavia DeBrito","Representative","64","Democratic"
"Shawn Packard","Representative","64","Republican"
"Cassie Julia","Representative","65","Democratic"
"Scott Strom","Representative","65","Republican"
"Michael Perkins","Representative","66","Republican"
"Shawn Dixon","Representative","67","Republican"
"Matthew Townsend","Representative","67","Democratic"
"Amanda Collamore","Representative","68","Republican"
"Jessica Blanchard","Representative","69","Democratic"
"Dean Cray","Representative","69","Republican"
"Joseph Almand","Representative","70","Democratic"
"Jennifer Poirier","Representative","70","Republican"
"John Ducharme, III","Representative","71","Republican"
"Allison Perkins","Representative","71","Democratic"
"Cynthia Soma-Hernandez","Representative","72","Democratic"
"Douglas Thomas","Representative","72","Republican"
"Ryan Morgan","Representative","73","Republican"
"Daniel Simonds","Representative","73","Democratic"
"Michael Soboleski","Representative","73","Republican"
"Russell Black","Representative","74","Republican"
"Marc Edwards","Representative","74","Democratic"
"Randall Gauvin","Representative","75","Republican"
"H. Landry","Representative","75","Democratic"
"Trevor Doiron","Representative","76","Democratic"
"Sheila Lyman","Representative","76","Republican"
"Nicole Bambrick","Representative","77","Republican"
"Arlie Hetrick, Jr.","Representative","77","Democratic"
"Tammy Schmersal-Burgess","Representative","77","Republican"
"Rachel Henderson","Representative","78","Republican"
"Woodleigh Hughes","Representative","78","Democratic"
"Michael Lance","Representative","79","Republican"
"Brianna Lueck","Representative","79","Democratic"
"Ernest Fitts, IV","Representative","80","Republican"
"Gino Valeriani","Representative","80","Republican"
"Christopher Easton","Representative","81","Democratic"
"Peter Wood","Representative","81","Republican"
"Christopher Lewey","Representative","82","Democratic"
"Caleb Ness","Representative","82","Republican"
"Timothy Becker","Representative","83","Democratic"
"Marygrace Cimino","Representative","83","Republican"
"Cassandra Dove","Representative","84","Democratic"
"Mark Walker","Representative","84","Republican"
"Timothy Nickels","Representative","85","Republican"
"Adrienne Paul","Representative","85","Republican"
"Paul Welch","Representative","85","Democratic"
"Abigail Geer","Representative","86","Democratic"
"Rolf Olsen, Jr.","Representative","86","Republican"
"John Baldwin","Representative","87",NA
"David Boyer, Jr.","Representative","87","Republican"
"Quentin Chapman","Representative","88","Republican"
"Dana Staples","Representative","88","Democratic"
"James Berube","Representative","89","Republican"
"Adam Lee","Representative","89","Democratic"
"Pamela Hart","Representative","90","Democratic"
"James Sorcek","Representative","90","Republican"
"Emily Dingman","Representative","91","Democratic"
"Jeffrey Timberlake","Representative","91","Republican"
"Stephen Wood","Representative","92","Republican"
"Julia McCabe","Representative","93","Democratic"
"Chad Syphers","Representative","93","Republican"
"Janet Beaudoin","Representative","94","Republican"
"Scott Harriman","Representative","94","Democratic"
"Matthew Kershaw","Representative","95","Democratic"
"Kiernan Majerus-Collins","Representative","95","Democratic"
"Bret Martel","Representative","95","Republican"
"Kerryl Clement","Representative","96","Republican"
"Luke Jensen","Representative","96","Democratic"
"Dale Crafts","Representative","97","Republican"
"Thomas Watson","Representative","97","Democratic"
"Guy Lebida","Representative","98","Republican"
"William St. Michel","Representative","98","Republican"
"Kilton Webb","Representative","98","Democratic"
"Cheryl Golek","Representative","99","Democratic"
"Braeden Webber","Representative","99","Republican"
"Daniel Ankeles","Representative","100","Democratic"
"Brett Barrett","Representative","100","Republican"
"Poppy Arford","Representative","101","Democratic"
"Ravi Jackson","Representative","101","Republican"
"Henry Lawrence, III","Representative","102","Republican"
"Maura Pillsbury","Representative","102","Democratic"
"Karin Orenstein","Representative","103","Democratic"
"R. Winslow","Representative","104","Republican"
"Susan Fuller","Representative","105","Republican"
"Anne Graham","Representative","105","Democratic"
"Barbara Bagshaw","Representative","106","Republican"
"Bradley Youngs","Representative","106","Democratic"
"Joseph Campbell","Representative","107","Democratic"
"Mark Cooper","Representative","107","Republican"
"Kelly Dearborn","Representative","108","Republican"
"Parnell Terry","Representative","108","Democratic"
"Diana Kushnar","Representative","109","Republican"
"Seven Siegel","Representative","109","Democratic"
"Jason Copp","Representative","110","Republican"
"Christina Mitchell","Representative","110","Democratic"
"Amy Kuhn","Representative","111","Democratic"
"Lauren Jones","Representative","112","Republican"
"Sean Mahoney","Representative","112","Democratic"
"Grayson Lookner","Representative","113","Democratic"
"Lisa Nelthropp","Representative","113","Republican"
"April Fournier","Representative","114","Democratic"
"Andrew Zarro","Representative","115","Democratic"
"Samuel Zager","Representative","116","Democratic"
"Matthew Moonen","Representative","117","Democratic"
"Yusuf Yusuf","Representative","118","Democratic"
"Michael Dixon","Representative","119","Democratic"
"Jacob Wakem","Representative","119","Republican"
"Michael Dougherty","Representative","120","Republican"
"Jason Shedlock","Representative","120","Democratic"
"Robert Cameron","Representative","121","Democratic"
"Meagan Smith","Representative","121","Republican"
"Matthew Beck","Representative","122","Democratic"
"Michelle Boyer","Representative","123","Democratic"
"Annie Christy","Representative","123","Republican"
"Scott Doherty","Representative","124","Republican"
"Eric Nathanson","Representative","124","Democratic"
"Kelly Murphy","Representative","125","Democratic"
"Andrew Gattine","Representative","126","Democratic"
"Ethan Mongue","Representative","126","Republican"
"Morgan Rielly","Representative","127","Democratic"
"Suzanne Salisbury","Representative","128","Democratic"
"Marshall Archer","Representative","129","Democratic"
"Lynn Copeland","Representative","130","Democratic"
"Robert Kelly","Representative","131","Democratic"
"Ryan Fecteau","Representative","132","Democratic"
"Marc Malon, II","Representative","133","Democratic"
"Traci Gere","Representative","134","Democratic"
"Rachel Phipps","Representative","135","Democratic"
"Lisa Pratt","Representative","135","Democratic"
"Michelle Conners","Representative","136","Democratic"
"John Eder","Representative","136","Republican"
"Nathan Carlow","Representative","137","Republican"
"Charles Tilburg","Representative","137","Democratic"
"Jonathan Kinney","Representative","138","Republican"
"Oliver McAvoy","Representative","138","Democratic"
"Dean LePage","Representative","139","Democratic"
"Jamie Newton","Representative","139","Republican"
"Wayne Parry","Representative","140","Republican"
"Kirstan Watson","Representative","140","Democratic"
"Marc Boisse","Representative","141","Republican"
"Rebecca Flood Andrews","Representative","141","Democratic"
"Clinton Phinney, Jr.","Representative","141","Republican"
"Gordon Frohloff","Representative","142","Republican"
"Ayn Hanselmann","Representative","142","Democratic"
"John Henkelman","Representative","143","Democratic"
"Eric Small","Representative","143","Republican"
"Jeffrey Adams","Representative","144","Republican"
"Caleb Chase","Representative","145","Republican"
"Kristin Davis","Representative","145","Democratic"
"Bradley Moulton","Representative","146","Republican"
"Walter Runte, Jr.","Representative","146","Democratic"
"Holly Sargent","Representative","147","Democratic"
"Thomas Lavigne","Representative","148","Republican"
"Margaret Wheeler","Representative","148","Democratic"
"Mallory Cook","Representative","149","Democratic"
"Timothy Towne","Representative","149","Republican"
"Alexandros Orestis","Representative","150","Democratic"
"Mark Zimmer","Representative","150","Republican"
"Suzanne Johnson","Representative","151","Republican"
"Kristi Mathieson","Representative","151","Democratic"
"Dannie D Abbott","Representative","79","Republican"
"Mana Hared Abdi","Representative","95","Democratic"
"Mana Hared Abdi","Senator","21","Democratic"
"Susan Abercrombie","Senator","28","Republican"
"Kent F. Ackley","Representative","56","Unenrolled"
"Herbert C. Adams","Representative","118","Democratic"
"Jeff Adams","Representative","144","Republican"
"Jeffrey Sean Adams","Representative","144","Republican"
"Maria Michela Aguilo","Governor",NA,"Republican"
"Roger Clarence Albert","Representative","2","Republican"
"Nicholas Alexander","Representative","58","Republican"
"Suzanne Andresen","Senator","24","Unenrolled"
"Suzanne R. Andresen","Representative","49","Republican"
"John Andrews","Representative","79","Republican"
"Daniel Joseph Ankeles","Representative","100","Democratic"
"Amy Bradstreet Arata","Representative","104","Republican"
"Donald James Ardell","Representative","6","Republican"
"Poppy T. Arford","Representative","101","Democratic"
"Candace T Augustine","Representative","35","Democratic"
"Chris P Austin","Representative","43","Republican"
"Susan M Austin","Representative","105","Republican"
"Mark M Babin","Representative","3","Republican"
"Mark M. Babin","Representative","3","Republican"
"Barbara A. Bagshaw","Representative","106","Republican"
"Barbara Anne Bagshaw","Representative","106","Republican"
"Joseph M. Baldacci","Senator","9","Democratic"
"Norman Edward Bamford","Representative","12","Democratic"
"Michael Thomas III Barden","Representative","138","Unenrolled"
"Alicia Barnes","Representative","66","Democratic"
"Joan S Beal","Representative","81","Democratic"
"Janet Beaudoin (Special)","Representative","94","Republican"
"Janet Inger Beaudoin","Representative","94","Republican"
"Matthew D. Beck","Representative","122","Democratic"
"Anne H Beebe-Center","Senator","12","Democratic"
"Amy C Bell","Representative","142","Republican"
"Arthur L Bell","Representative","103","Democratic"
"Paul Edward Bennett","Senator","34","Unenrolled"
"Richard Bennett","Governor",NA,"Unenrolled"
"Richard A. Bennett","Senator","18","Republican"
"Paul Bernard","Representative","120","Unenrolled"
"Susan Bernard","Senator","1","Republican"
"Lawrence E. Jr. Bessey","Representative","58","Republican"
"Saige Michele Bird","Representative","62","Unenrolled"
"Steven Matthew Bishop","Representative","17","Republican"
"Steven Matthew IV Bishop","Representative","17","Republican"
"Russell Black","Senator","5","Republican"
"Russell John Black","Representative","74","Republican"
"Brian J. Blake","Representative","68","Democratic"
"Jessica Bonafine Blanchard","Representative","69","Democratic"
"Mark J. Blier","Representative","138","Republican"
"Marc Anthony Boisse","Representative","141","Republican"
"Tiffany Bond","Representative","73","Unenrolled"
"Elizabeth D. Bosworth","Senator","18","Democratic"
"Corey Stephen Bouchard","Representative","88","Democratic"
"Joe N Boyd","Representative","55","Republican"
"David Wayne Jr. Boyer","Representative","87","Republican"
"Michelle N Boyer","Representative","123","Democratic"
"Michelle Nicole Boyer","Representative","123","Democratic"
"Richard T. Bradstreet","Senator","15","Republican"
"Eric Brakey","Senator","20","Republican"
"Michael F Brennan","Representative","115","Democratic"
"Stacy Fielding Brenner","Senator","30","Democratic"
"William R. Bridgeo","Representative","60","Democratic"
"William Raymond Bridgeo","Representative","60","Democratic"
"Laura T Bridgman","Representative","33","Democratic"
"Leon C. Brillant","Representative","51","Republican"
"Joseph Thomas Brown","Representative","31","Democratic"
"Tammy Brown","Representative","65","Republican"
"Vincent E Brown","Representative","49","Republican"
"Ethan S Brownell","Senator","3","Democratic"
"Bruce S. Bryant","Senator","19","Democratic"
"Stephan M. Bunker","Representative","75","Democratic"
"Daniel E Campbell","Representative","90","Democratic"
"Richard H. Campbell","Representative","19","Republican"
"Michael D. Capeci","Representative","21","Republican"
"Kenneth A Capron","Senator","27","Democratic"
"Kenneth A. Capron","Governor",NA,"Republican"
"Douglas Colburn Jr. Carlisle","Representative","5","Republican"
"NATHAN M CARLOW","Representative","137","Republican"
"Justin P Cartier","Representative","23","Republican"
"Elizabeth Caruso","Representative","72","Republican"
"Marc Dominique Casavant","Representative","95","Republican"
"Frank Joseph Casella","Representative","21","Republican"
"Thomas Casey","Representative","25","Republican"
"Carrye L Castleman-Ross","Representative","83","Democratic"
"Robert B. Charles","Governor",NA,"Republican"
"Caleb Joseph Chase","Representative","145","Republican"
"Jay Chase","Senator","34","Republican"
"Jason Seth Cherry","Governor",NA,"Democratic"
"Benjamin Chipman","Representative","118","Democratic"
"M. Todd Chretien","Representative","112","Democratic"
"Kenneth James Cianchette","Senator","26","Republican"
"Marygrace Caroline Cimino","Representative","83","Republican"
"Brady Alden Clark","Representative","44","Republican"
"Kerryl Lee Clement","Representative","96","Republican"
"Kristen Sarah Cloutier","Representative","94","Democratic"
"Sally Jeane Cluchey","Representative","52","Democratic"
"Corinna Cole","Representative","144","Democratic"
"Corinna Cole","Representative","144","Unenrolled"
"Amanda Noelle Collamore","Representative","68","Republican"
"Clinton Collamore","Representative","45","Unenrolled"
"Alicia C Collins","Representative","61","Republican"
"Nicole Collins","Representative","8","Democratic"
"Peter G Colman","Representative","10","Democratic"
"Michelle Kathryn Conners","Representative","136","Democratic"
"Jonathan M Connor","Senator","21","Republican"
"Mallory Aaren Cook","Representative","149","Democratic"
"Mark C. Cooper","Representative","107","Republican"
"Lynn Holland Copeland","Representative","130","Democratic"
"Patrick Wayne Corey","Representative","107","Unenrolled"
"Danny E Costain","Senator","3","Republican"
"Dale John Crafts","Representative","97","Republican"
"Lydia V Crafts","Representative","46","Democratic"
"Scott E. Craig","Representative","135","Republican"
"Jantzen Stephen Craine","Representative","7","Republican"
"Barbara Ann Cray","District Attorney","Prosecutorial District 6","Democratic"
"Dean A. Cray","Representative","69","Republican"
"Peter Alan Crockett","Representative","27","Democratic"
"W. Edward Crockett","Governor",NA,"Unenrolled"
"W. Edward Crockett","Representative","112","Democratic"
"Scott William Cuddy","Representative","37","Democratic"
"Glenn Chip Curry","Senator","11","Democratic"
"Richard Real Cyr","Senator","9","Republican"
"Scott W. Cyrway","Senator","16","Republican"
"Scott Wynn Cyrway","Senator","16","Republican"
"Allen Anthony Daggett","Representative","134","Unenrolled"
"Lucien JB Daigle","Representative","1","Republican"
"Stefanie Mahr Damien","Representative","88","Democratic"
"Michele LaBree Daniels","Senator","10","Democratic"
"Matthea Elisabeth Larsen Daughtry","Senator","23","Democratic"
"Kenneth Davis","Senator","6","Republican"
"Kristin Tyra Davis","Representative","145","Democratic"
"Paul Titcomb Sr. Davis","Senator","4","Republican"
"Todd Michael Davis","Representative","130","Unenrolled"
"Kelly Ann Davis-Rouillard","Representative","149","Republican"
"Mary Lou J. Daxland","Representative","46","Republican"
"Flavia M. DeBrito","Representative","64","Democratic"
"Andrew Stephen Dent","Representative","64","Democratic"
"Deqa Abdi Dhalac","Representative","120","Democratic"
"Cynthia A. Dill","Representative","123","Democratic"
"James F. Dill","Representative","26","Democratic"
"Natalie DiPentino","Representative","28","Democratic"
"Shawn M. Dixon","Representative","67","Republican"
"Donna Marie Dodge","Representative","83","Republican"
"Janice S. Dodge","Representative","39","Democratic"
"Trevor Alex Doiron","Representative","76","Democratic"
"Ann E. Dorney","Representative","71","Democratic"
"Victoria W. Doudera","Representative","41","Democratic"
"Cassandra Anne Dove","Representative","84","Democratic"
"Peter Ignatius Doyle","Representative","119","Republican"
"Gary A. Drinkwater","Representative","27","Republican"
"Paul D Drowns","Representative","87","Democratic"
"Bradley Scott Ducharme","Senator","34","Republican"
"John E III Ducharme","Representative","71","Republican"
"John E. III Ducharme","Representative","71","Republican"
"Dave A Duguay","Senator","19","Republican"
"Jill C Duson","Senator","27","Democratic"
"Jill C. Duson","Senator","27","Democratic"
"Harold Alfred III Eames","Representative","50","Republican"
"Holly Rae Eaton","Representative","15","Democratic"
"James E Eaton","Representative","45","Democratic"
"Scott B. Eccleston","Representative","131","Republican"
"Samuel C. Eddy","Representative","103","Republican"
"Reda H. Edelman","Representative","21","Republican"
"John Michael Eder","Representative","136","Republican"
"Charles William Ellis","Representative","128","Republican"
"Eileen A. Ellis","Representative","38","Democratic"
"Stephen Ellis","Representative","38","Democratic"
"Marcus Emerson","Representative","59","Republican"
"Travis B Erickson","Representative","85","Democratic"
"Richard A Evans","Senator","4","Democratic"
"Sean F. Faircloth","Representative","24","Democratic"
"Jonathan Reed Fallon","Senator","34","Republican"
"Bradlee T. Farrin","Senator","3","Republican"
"Wayne K. Farrin","Representative","47","Democratic"
"Billy Bob Faulkingham","Representative","12","Republican"
"Ryan M Fecteau","Representative","132","Democratic"
"James J. Jr. Finegan","Representative","102","Republican"
"Carolyn Fish","Representative","24","Republican"
"Michael Sweeny Flanagan","Representative","43","Republican"
"Paul R Flynn","Representative","63","Republican"
"Robert A. Foley","Representative","145","Republican"
"David J Foster","Governor",NA,"Republican"
"Gregory E Foster","Representative","86","Republican"
"Steven D Foster","Representative","32","Republican"
"Ann Marie Fredericks","Representative","143","Republican"
"Kenneth Wade Fredette","Representative","33","Republican"
"KEVIN GREGORY FREEMAN","Representative","5","Democratic"
"Sharon C. Frost","Representative","58","Unenrolled"
"Sharon Conrad Frost","Representative","58","Unenrolled"
"David H. Gadbois","Representative","132","Republican"
"Scott Newman Gaiason","Representative","97","Democratic"
"Joseph C Galletta","Representative","98","Republican"
"Andrew M Gattine","Representative","126","Democratic"
"Randall Douglas Gauvin","Representative","75","Republican"
"Valli D. Geiger","Representative","42","Democratic"
"Traci L. Gere","Representative","134","Democratic"
"Joshua D. Gerritsen","Representative","41","Democratic"
"Irene A. Gifford","Representative","28","Republican"
"Scott Gerard Girardin","Representative","92","Unenrolled"
"Eric Lee Giroux","Representative","78","Democratic"
"Elizabeth J. Gleason","Representative","137","Democratic"
"John Michael Sr. Glowa","Governor",NA,"Unenrolled"
"Jonathan C. Goble","Senator","6","Democratic"
"Richard Marc Goldman","Representative","53","Democratic"
"Cheryl A Golek","Representative","99","Democratic"
"Cheryl A. Golek","Representative","99","Democratic"
"Gregory R. Gosselin","Representative","147","Republican"
"Anne P Graham","Representative","105","Democratic"
"Lori Kathryn Gramlich","Representative","131","Democratic"
"Cecil R. III Gray","Representative","70","Democratic"
"Sandra J Gray","Representative","14","Republican"
"Randall Adam Greenwood","Representative","56","Republican"
"Lauren Marie Grenier","Senator","31","Unenrolled"
"Abigail W. Griffin","Representative","34","Republican"
"Nicole C Grohoski","Senator","7","Democratic"
"Nicole C. Grohoski","Senator","7","Democratic"
"Chester B. III Grover","Representative","47","Republican"
"Joseph Paul Guerin","Senator","4","Republican"
"Stacey K Guerin","Senator","4","Republican"
"Stacey Kay Guerin","Representative","34","Republican"
"Timothy C. Guerrette","Representative","4","Republican"
"Timothy Conrad Guerrette","Representative","4","Republican"
"David W. Guilmette","Representative","52","Republican"
"David Wayne Guilmette","Representative","52","Republican"
"Jean M Guzzetti","Senator","24","Democratic"
"David G. Haggan","Senator","10","Republican"
"Kimberly M. Haggan","Representative","36","Republican"
"Randall C. Hall","Representative","74","Republican"
"Sean N. Hall","Representative","99","Republican"
"Donald R. Hamill","Senator","30","Republican"
"Nicolas John Hamlin","Representative","49","Republican"
"Dale C Harmon","Senator","13","Republican"
"Scott A. Harriman (Special)","Representative","94","Democratic"
"Scott A. Harriman","Representative","94","Democratic"
"Matthew A Harrington","Senator","33","Republican"
"Matthew A. Harrington","Senator","33","Republican"
"Lance Harvell","Senator","5","Republican"
"Tavis Rock Hasenfus","Representative","57","Democratic"
"Stephen J. Hemenway","Representative","39","Republican"
"Rachel A. Henderson","Representative","78","Republican"
"John Robert III Henkelman","Representative","143","Democratic"
"Allison L. Hepler","Representative","49","Democratic"
"Cheryl Ann Hewes","Representative","13","Republican"
"Craig V Hickman","Senator","14","Democratic"
"Roberta J. Hill","Representative","80","Democratic"
"Sean Paul Hinkley","Senator","9","Republican"
"Daniel J. Hobbs","Representative","145","Democratic"
"Tamara Hoke","Senator","19","Democratic"
"Tamara N. Hoke","Representative","76","Democratic"
"Dale Jay Holman","Senator","27","Republican"
"Jamie Lee Hopkins","Representative","42","Republican"
"Vincent M. House","Representative","73","Democratic"
"Tristram J Howard","Representative","122","Unenrolled"
"Christopher M. Howell","Senator","29","Republican"
"Samuel Normand Howes","Representative","76","Democratic"
"Woodleigh H Hughes","Representative","78","Democratic"
"James William III Hunt","Representative","48","Republican"
"Phyllis M Hunter","Representative","91","Democratic"
"Sherman Hoyt Hutchins","Senator","7","Republican"
"Benjamin Charles Hymes","Representative","38","Republican"
"Henry L Ingwersen","Senator","32","Democratic"
"Natasha C Irving","District Attorney","Prosecutorial District 6","Democratic"
"Caldwell Jackson","Representative","80","Republican"
"Troy Dale Jackson","Governor",NA,"Democratic"
"John G. Janelle","Representative","89","Republican"
"Kathy I Javner","Representative","29","Republican"
"Peter Q. Jenks","Representative","43","Democratic"
"Suzanne C. Johnson","Representative","151","Republican"
"David John Jones","Governor",NA,"Republican"
"John Logan Jones","Representative","111","Republican"
"Laura Mae Jones","Representative","61","Democratic"
"Elizabeth A. Jordan","Representative","134","Republican"
"Scott W. Jordan","Representative","110","Republican"
"Jason M Joyce","Representative","15","Unenrolled"
"PATRICK JUDE","Representative","20","Republican"
"Patrick A. Jude","Representative","20","Republican"
"Cassie L. Julia","Representative","65","Democratic"
"Cassie Lynn Julia","Representative","65","Democratic"
"Nicole Lynn Kalloch","Senator","12","Unenrolled"
"Leo Christopher Kenney","Senator","8","Republican"
"Christopher John Kessler","Representative","121","Democratic"
"Patricia E Kidder","Representative","141","Democratic"
"Gregory M. Kimber","Representative","74","Democratic"
"Angus S. III King","Governor",NA,"Democratic"
"Jonathan L. Kinney","Representative","138","Republican"
"Victoria Porter Kornfield","Representative","23","Democratic"
"Clifford T. Krolick","Representative","139","Democratic"
"Amy D. Kuhn","Representative","111","Democratic"
"David Philip LaFountain","Senator","16","Democratic"
"Michel A Lajoie","Representative","96","Democratic"
"Shawn Leroy Lancaster","Representative","32","Republican"
"Michael J. Lance","Representative","79","Republican"
"H. Scott Jr. Landry","Representative","75","Democratic"
"Lucas John Lanigan","Representative","141","Republican"
"Colby Michael Lapointe","Representative","21","Unenrolled"
"DANIEL LAPOINTE","Representative","24","Republican"
"Raegan French LaRochelle","Senator","15","Democratic"
"Aaron Lashua","Representative","77","Unenrolled"
"Daniel J Lauzon","Senator","33","Democratic"
"Thomas Arthur Lavigne","Representative","148","Republican"
"Michael J Lawler","Senator","23","Republican"
"Mark W. Lawrence","Senator","35","Democratic"
"Guy M. Lebida","Representative","98","Republican"
"Adam R. Lee","Representative","89","Democratic"
"Michael H. Lemelin","Representative","53","Republican"
"Derek Allen Levasseur","Governor",NA,"Unenrolled"
"Christopher Alfred Lewey","Representative","82","Democratic"
"James Delmas Libby","Governor",NA,"Republican"
"James Delmas Libby","Senator","22","Republican"
"Laurel Libby","Representative","90","Republican"
"John Linnehan","Representative","13","Unenrolled"
"Jason G Litalien","Senator","32","Unenrolled"
"Alan Robert Livingston","Representative","109","Republican"
"Grayson Benjamin Lookner","Representative","113","Democratic"
"Tristan Earl Lozuaway-McComsey","Representative","148","Democratic"
"Peter A. Lyford","Senator","10","Republican"
"Sheila A. Lyman","Representative","76","Republican"
"Wendy Lee MacDowell","Representative","60","Republican"
"Rafael Leo Macias","Representative","51","Democratic"
"Kiernan I. Majerus-Collins (Special)","Representative","94","Democratic"
"Kiernan Innes Majerus-Collins","Representative","94","Democratic"
"Ruth Ann Malcolm","Representative","64","Republican"
"Marc G. II Malon","Representative","133","Democratic"
"Marc II Malon","Representative","133","Democratic"
"Kathryn Manende Hall","Representative","143","Democratic"
"Irvine W. Jr. Marsters","Representative","23","Republican"
"John L. Martin","Representative","1","Democratic"
"Joseph E Martin","Senator","19","Republican"
"Joseph Edward Martin","Senator","19","Republican"
"Roland Daniel Martin","Representative","2","Democratic"
"Garrett Paul Mason","Governor",NA,"Republican"
"Richard G Mason","Representative","97","Republican"
"Richard G. Mason","Senator","17","Republican"
"Anne-Marie Mastraccio","Representative","142","Democratic"
"Ann H. Matlack","Representative","43","Democratic"
"Ann Higgins Matlack","Senator","12","Democratic"
"Julia A. G. McCabe","Representative","93","Democratic"
"James A. McCarthy","Senator","32","Republican"
"OWEN MCCARTHY","Governor",NA,"Republican"
"Robert McCarthy","Representative","93","Republican"
"Kati L. McCormick","Senator","15","Republican"
"David H. McCrea","Representative","3","Democratic"
"Shannon McDonnell","Senator","14","Republican"
"Darin Lee McGaw","Representative","9","Democratic"
"Mathew David McIntyre","Representative","18","Republican"
"Michael Anthony McKinney","Representative","138","Democratic"
"Joseph Milton McLaughlin","Representative","40","Republican"
"Vaughn J Mclaughlin","Senator","1","Democratic"
"Vaughn James Mclaughlin","Senator","1","Democratic"
"Anne Marie McMahon","Senator","22","Democratic"
"Craig R. Messinger","Representative","86","Democratic"
"Michele Meyer","Representative","150","Democratic"
"Robert Charles Meyer","Senator","11","Republican"
"James Michael Michaud","Representative","29","Republican"
"Linda Kay Miller","Senator","18","Democratic"
"Nina A Milliken","Representative","16","Democratic"
"Nina Azella Milliken","Representative","16","Democratic"
"Arthur K Mingo","Representative","9","Republican"
"Christina Rue Cork Mitchell","Representative","110","Democratic"
"Edwin M. Mitchell","Senator","13","Unenrolled"
"Kimberly J Monaghan","Representative","123","Democratic"
"David Roland II Mongeau","Representative","141","Unenrolled"
"Karen L Montell","Representative","54","Democratic"
"M. Thad Moody","Representative","108","Republican"
"Marianne Moore","Senator","6","Republican"
"Olive Maureen Morelli","Representative","18","Unenrolled"
"Jennifer M. Morin","Representative","20","Republican"
"Joshua Morris","Representative","91","Republican"
"Bradley S Moulton","Representative","146","Republican"
"Alexander Kenneth Murchison","Governor",NA,"Unenrolled"
"Kelly Maureen Noonan Murphy","Representative","125","Democratic"
"Timothy E Nangle","Senator","26","Democratic"
"Timothy E. Nangle","Senator","26","Democratic"
"Jason L Nedeau","Representative","140","Democratic"
"Caleb Joshua NESS","Representative","82","Republican"
"Caleb Joshua Ness","Representative","82","Republican"
"Daniel Jesse Newman","Representative","58","Republican"
"Heather M Newman","Representative","82","Democratic"
"Jamie K Newton","Representative","139","Republican"
"Michael J. Nicholson","Representative","39","Republican"
"Charlotte Louise Nutt","Representative","79","Unenrolled"
"ROBERT W NUTTING","Representative","66","Republican"
"Kathleen B. O'Donnell","Senator","5","Democratic"
"Colleen T. O'Neal","Representative","22","Republican"
"Rolf Arthur Jr. Olsen","Representative","86","Republican"
"Alan Lee Orcutt","Representative","37","Democratic"
"Ryan Christopher Otis","Senator","11","Republican"
"Christina M. Ouellette","Representative","26","Republican"
"Shawn Michael Packard","Representative","64","Republican"
"Samantha Phyllis Paradis","Representative","4","Democratic"
"Reagan LeeAnn Paul","Representative","37","Republican"
"Craig Alan Pendleton","Senator","31","Unenrolled"
"Chad R. Perkins","Representative","31","Republican"
"Chad Richard Perkins","Senator","4","Republican"
"Michael D Perkins","Senator","16","Republican"
"Michael D. Perkins","Representative","66","Republican"
"Joseph Charles Perry","Representative","24","Democratic"
"Louis Samuel Pfeifle","Representative","104","Unenrolled"
"Rachel Mary Phipps","Representative","135","Democratic"
"Donna Lynn Piccininni","Representative","57","Republican"
"Jeffrey K Pierce","Senator","24","Republican"
"Teresa S Pierce","Senator","25","Democratic"
"Joshua James Pietrowicz","Representative","104","Republican"
"Maura H Pillsbury","Representative","102","Democratic"
"Kenneth Forrest Pinet","Governor",NA,"Democratic"
"William D Pluecker","Representative","44","Unenrolled"
"Michael R. Pock","Representative","122","Republican"
"Jennifer Lynn Poirier","Representative","70","Republican"
"Ryan C. Poitras","Representative","127","Republican"
"Doris A Poland","Representative","106","Democratic"
"Kristine A. Poland","Representative","46","Unenrolled"
"Edward Joseph Polewarczyk","Representative","47","Republican"
"Kimberly J Pomerleau","Representative","85","Republican"
"Kimberly J. Pomerleau","Senator","22","Republican"
"Bernard Robert Porter","Senator","23","Republican"
"Ivon Howell Jr. Prescott","Representative","100","Republican"
"Jane P. Pringle","Representative","107","Democratic"
"David C Projansky","Representative","96","Democratic"
"Dylan Pugh","Representative","114","Democratic"
"Tracy Lynn Quint","Representative","8","Republican"
"Joseph E Jr. Rafferty","Senator","34","Democratic"
"Julie Nicole Rakic","Senator","35","Republican"
"D. Michael Ray","Representative","40","Democratic"
"David Michael Ray","Representative","40","Democratic"
"James Edwin Read","Senator","25","Republican"
"Jedediah J. Rice","Representative","50","Republican"
"Morgan J. Rielly","Representative","127","Democratic"
"Tiffany Danielle Roberts","Representative","149","Democratic"
"W. Scott Rocknak","Senator","12","Republican"
"Amy Roeder","Representative","23","Democratic"
"Amy J Roeder","Senator","9","Democratic"
"Roland Eben Rogers","Representative","11","Democratic"
"David M. Rollins","Representative","59","Democratic"
"Annalee Z Rosenblatt","Representative","124","Republican"
"Margaret Rose Rotundo","Senator","21","Democratic"
"Brian Roy","Representative","52","Republican"
"Shelley J Rudnicki","Representative","67","Republican"
"Gary Gene Jr. Runnells","Representative","16","Unenrolled"
"Walter Gerard Jr. Runte","Representative","146","Democratic"
"Matthew Rush","Senator","2","Democratic"
"Ronald B. Russell","Representative","17","Democratic"
"Melanie Fleming Sachs","Representative","102","Democratic"
"John Murphy Salamone","Senator","32","Republican"
"Suzanne M. Salisbury","Representative","128","Democratic"
"Carlos Humberto Sanchez-Santos","Representative","40","Unenrolled"
"Holly T. Sargent","Representative","147","Democratic"
"Holly Taylor Sargent","Representative","147","Democratic"
"Eleanor Yoko Sato","Representative","109","Democratic"
"Daniel R. Sayre","Representative","135","Democratic"
"Tammy L. Schmersal-Burgess","Representative","77","Republican"
"Alfred F. Schutz","Senator","32","Republican"
"Alfred Frank Schutz","Senator","32","Republican"
"Kevin Lee Scott","Representative","73","Republican"
"Michael R. Scott","Senator","20","Democratic"
"Nichole Sekera","Representative","82","Democratic"
"Daniel Joseph Shagoury","Representative","55","Democratic"
"Bettyann W Sheats","Senator","20","Democratic"
"Emmett Shell","Representative","118","Democratic"
"Steven Christopher Sheppard","Governor",NA,"Republican"
"W. Louis Jr. Sidell","Representative","30","Democratic"
"Abden Stephen Simmons","Representative","45","Republican"
"DAVID A SINCLAIR","Representative","50","Democratic"
"Theodore L Sirois","Representative","130","Republican"
"Charles A. Skold","Representative","119","Democratic"
"Eric H Small","Representative","143","Republican"
"James Nelson Smith","Representative","145","Democratic"
"Katrina J Smith","Representative","62","Republican"
"Leslie E. Jr. Smith","Representative","126","Republican"
"Zachary Smith","Representative","24","Democratic"
"Kendil Elizabeth Snow-Black","Representative","94","Republican"
"Michael Arthur Soboleski","Representative","73","Republican"
"Cynthia J. Soma-Hernandez","Representative","72","Unenrolled"
"Peter J. Southam","Senator","19","Democratic"
"Heather Anne Sprague","Representative","43","Republican"
"William J. St. Michel","Representative","98","Republican"
"Kayla Amanda Sterling","Representative","125","Republican"
"Corinne S. Sternlieb","Representative","7","Democratic"
"Joel R Stetkis","Senator","3","Republican"
"Harold 'Trey' L. III Stewart","Senator","2","Republican"
"Harold III Stewart","Senator","2","Republican"
"Jacob T. Stoddard","Representative","129","Republican"
"Jennifer Stone","Representative","45","Democratic"
"Holly Beth Stover","Representative","48","Democratic"
"Gordon Powell Street","Representative","28","Democratic"
"Colleen D Strickler","Representative","104","Democratic"
"Robert Finch Sullebarger","Senator","5","Democratic"
"Laura Danielle Supica","Representative","22","Democratic"
"Gregory L. Swallow","Representative","7","Republican"
"Pamela Jo Swift","Representative","62","Democratic"
"Rachel Talbot Ross","Senator","28","Democratic"
"Parnell William Terry","Representative","108","Democratic"
"Christopher Thacker","Representative","101","Republican"
"Nancy Jean Theriault","Representative","29","Republican"
"Douglas A. Thomas","Representative","72","Republican"
"Ray Alden Jr. Thombs","Representative","44","Republican"
"James E Thorne","Representative","35","Republican"
"James Ernest Thorne","Representative","35","Republican"
"Charles Edward Tilburg","Representative","137","Democratic"
"Jeff Timberlake","Senator","17","Republican"
"Melanie Ann Tompkins","Representative","6","Democratic"
"Andrew R. Torbett","Representative","31","Republican"
"Richard R Tory","Representative","69","Democratic"
"Matthew Channing Townsend","Representative","67","Democratic"
"LEE A. Trahan","Representative","63","Democratic"
"Michelle Marie Tucker","Representative","89","Republican"
"William R Tuell","Representative","10","Republican"
"Judith Elaine Tunkle","Representative","53","Democratic"
"Joseph Frederick Underwood","Representative","5","Republican"
"Joseph Edwards Velozo","Representative","96","Republican"
"Peter G. Violette","Senator","26","Republican"
"Patricia von Schaumburg","Representative","122","Republican"
"Nathan J Wadsworth","Representative","82","Republican"
"Jacob Murray Wakem","Representative","114","Republican"
"Tammy B. Walter","Representative","121","Republican"
"Dustin Reginald Ward","Senator","20","Unenrolled"
"Sophia Bailey Warren","Representative","124","Democratic"
"Thomas Riley Watson","Senator","17","Democratic"
"Kilton McCarthy Webb","Representative","98","Democratic"
"Robert J. Wessels","Governor",NA,"Republican"
"Bruce A White","Representative","65","Democratic"
"James Lee White","Representative","30","Republican"
"Nathan White","Representative","78","Republican"
"Nathaniel John White","Senator","16","Democratic"
"Russell P. White","Representative","13","Republican"
"Russell Patrick White","Representative","13","Republican"
"Brendan Kernan Williams","Representative","122","Unenrolled"
"Lynne Anita Williams","Representative","14","Democratic"
"Scott Douglas Williams","Representative","54","Republican"
"R. Melissa Winslow","Representative","104","Republican"
"Paul David Witten","Representative","89","Republican"
"Steven Alan Wolejko","Representative","112","Republican"
"Peter Conley Wood","Representative","81","Republican"
"Stephen J. Wood","Representative","92","Republican"
"Zachary Anders Wood","Senator","4","Republican"
"David C. Woodsome","Representative","139","Republican"
"J. Mark Worth","Representative","13","Democratic"
"Shelby D Wright","Representative","36","Unenrolled"
"Zachary T. Wyles","Representative","26","Republican"
"Laurie Elaine York","Representative","29","Democratic"
"Yusuf Muse Yusuf","Representative","118","Democratic"
"Samuel Lewis Zager","Representative","116","Democratic"
"Mark F. Zimmer","Representative","150","Republican"
"Mark Frederick Zimmer","Representative","150","Republican"
"Angus S. King, III","Governor",NA,"Democratic"
"Paul Titcomb Davis, Sr.","Unknown",NA,NA
"Dakota Dupuis","Sheriff",NA,NA
"Steven Matthew Bishop, IV","House","17","Republican"
"David Wayne Boyer, Jr.","House","87","Republican"
"Andre E Cushing, III","County Commissioner",NA,NA
"Corey Leigh Bagley","Sheriff",NA,NA
"Gary Gene Runnells, Jr.","House","16","Independent"
"Marpheen Chann","County Commissioner",NA,NA
"John Robert Henkelman, III","House","143","Democrat"
"Marc G. Malon, II","House","133","Democrat"
"John Michael Glowa, Sr.","Governor",NA,"Independent"
"John E. Ducharme, III","House","71","Republican"
